﻿<?xml version="1.0" encoding="utf-8"?><ArrayOfCounter xmlns:xsi="http://www.w3.org/2001/XMLSchema-instance" xmlns:xsd="http://www.w3.org/2001/XMLSchema"><Counter xsi:type="StepCounter"><Serial>1</Serial><Vaalue>1</Vaalue><Color>RED</Color><Daate><Day>1</Day><Month>1</Month><Year>1</Year></Daate><Type>STEP</Type><Steps>1</Steps></Counter><Counter xsi:type="ModuloNCounter"><Serial>2</Serial><Vaalue>2</Vaalue><Color>RED</Color><Daate><Day>2</Day><Month>2</Month><Year>2</Year></Daate><Type>ModuleNCounter</Type><MaxLimit>2</MaxLimit></Counter></ArrayOfCounter>